{
  "project_info": {
    "project_number": "171895183489",
    "firebase_url": "https://studentattendence-f93fd.firebaseio.com",
    "project_id": "studentattendence-f93fd",
    "storage_bucket": "studentattendence-f93fd.appspot.com"
  },
  "client": [
    {
      "client_info": {
        "mobilesdk_app_id": "1:171895183489:android:01fdcd5bf62d46ad84d580",
        "android_client_info": {
          "package_name": "com.example.attendence"
        }
      },
      "oauth_client": [
        {
          "client_id": "171895183489-0140r3evp36ls4veiqcuqls1duka9vjb.apps.googleusercontent.com",
          "client_type": 1,
          "android_info": {
            "package_name": "com.example.attendence",
            "certificate_hash": "14bbb6729ab79ab31b25a19004b55aa036dc3878"
          }
        },
        {
          "client_id": "171895183489-s7925kvkjj5s7r2igt6pl39h2fi3i2p9.apps.googleusercontent.com",
          "client_type": 3
        }
      ],
      "api_key": [
        {
          "current_key": "AIzaSyDp5uUbD90pXLGCTvXHZZlkaZqS9a9QcMo"
        }
      ],
      "services": {
        "appinvite_service": {
          "other_platform_oauth_client": [
            {
              "client_id": "171895183489-s7925kvkjj5s7r2igt6pl39h2fi3i2p9.apps.googleusercontent.com",
              "client_type": 3
            }
          ]
        }
      }
    },
    {
      "client_info": {
        "mobilesdk_app_id": "1:171895183489:android:318e6ecfee0f177184d580",
        "android_client_info": {
          "package_name": "com.example.studentattendence"
        }
      },
      "oauth_client": [
        {
          "client_id": "171895183489-iblk25opqkolp4go569pvkbk5o6ftsiu.apps.googleusercontent.com",
          "client_type": 1,
          "android_info": {
            "package_name": "com.example.studentattendence",
            "certificate_hash": "14bbb6729ab79ab31b25a19004b55aa036dc3878"
          }
        },
        {
          "client_id": "171895183489-s7925kvkjj5s7r2igt6pl39h2fi3i2p9.apps.googleusercontent.com",
          "client_type": 3
        }
      ],
      "api_key": [
        {
          "current_key": "AIzaSyDp5uUbD90pXLGCTvXHZZlkaZqS9a9QcMo"
        }
      ],
      "services": {
        "appinvite_service": {
          "other_platform_oauth_client": [
            {
              "client_id": "171895183489-s7925kvkjj5s7r2igt6pl39h2fi3i2p9.apps.googleusercontent.com",
              "client_type": 3
            }
          ]
        }
      }
    }
  ],
  "configuration_version": "1"
}